,NRtg,player1,player2,player3,player4,player5,player6,player7,player8
0,6.7,36,32,21,16,12,11,9,8
1,5.62,24,13,11,9,8,7,5,3
2,4.35,17,15,11,10,8,4,3,1
3,3.93,22,20,13,10,9,9,8,6
4,3.49,22,13,9,9,7,6,6,6
5,3.03,32,32,13,8,8,7,3,0
6,3.34,24,9,5,5,4,3,3,2
7,2.49,24,18,11,9,7,2,2,2
8,2.12,10,8,6,4,3,1,1,1
9,1.51,13,6,5,3,3,1,0,0
10,1.88,24,14,10,8,6,6,5,3
11,1.75,36,9,8,8,4,4,2,-1
12,1.36,25,13,10,10,7,6,6,2
13,1.0,24,9,7,2,0,-3,-4,-7
14,1.03,12,12,9,6,4,4,3,3
15,0.55,16,12,10,1,-2,-5,-5,-6
16,0.29,24,22,2,1,-1,-3,-3,-4
17,0.51,13,12,6,6,6,3,0,-1
18,0.06,24,7,3,2,0,-1,-3,-3
19,0.02,18,13,10,8,4,3,3,2
20,-0.41,23,19,11,10,4,0,0,-4
21,-1.02,29,17,11,9,3,-1,-6,-11
22,-1.28,22,15,8,8,7,4,0,-1
23,-2.57,8,6,6,6,3,2,-1,-1
24,-3.16,11,7,6,-1,-3,-3,-8,-8
25,-4.11,15,5,-1,-2,-3,-10,-12,-12
26,-6.28,17,15,-7,-7,-8,-9,-9,-10
27,-8.02,10,5,4,1,-5,-8,-9,-11
28,-8.33,10,1,-1,-2,-3,-4,-5,-7
29,-9.85,6,2,1,-2,-3,-6,-10,-11
30,7.66,46,23,20,16,13,10,8,7
31,7.48,19,17,16,15,14,14,4,4
32,6.16,34,28,17,11,9,8,3,3
33,5.65,26,23,17,14,8,7,6,6
34,5.56,30,24,17,13,9,5,5,4
35,4.62,16,13,12,11,10,8,8,4
36,3.55,32,9,8,6,5,3,2,2
37,3.31,18,12,11,8,5,5,3,1
38,2.59,26,22,14,8,6,1,-2,-5
39,2.38,16,16,13,6,5,4,2,1
40,2.54,19,11,11,10,8,6,4,0
41,2.33,21,11,10,7,5,5,4,1
42,2.13,26,20,11,9,7,7,2,0
43,1.58,27,23,14,12,8,3,1,-2
44,0.76,19,10,9,7,7,3,2,-4
45,0.5,11,9,6,3,2,2,1,-1
46,-0.08,37,20,17,14,9,7,2,0
47,-0.06,21,19,9,7,6,5,-4,-6
48,0.03,30,13,6,5,5,3,0,-1
49,-0.48,19,13,11,5,5,2,-1,-1
50,-0.98,19,11,7,5,5,4,2,-4
51,-3.02,19,7,6,6,0,0,-3,-3
52,-3.51,16,6,4,4,1,-2,-4,-13
53,-3.61,23,15,5,-4,-5,-7,-7,-8
54,-5.59,15,13,3,-5,-7,-9,-10,-10
55,-7.71,3,1,0,-1,-1,-2,-4,-5
56,-8.0,6,5,5,-4,-6,-6,-8,-9
57,-8.18,14,9,9,6,-2,-2,-2,-2
58,-8.49,8,4,2,1,0,-5,-6,-10
59,-9.13,11,2,0,-1,-8,-9,-12,-12
60,9.48,35,30,18,14,13,13,7,6
61,6.26,25,16,14,13,9,8,6,4
62,5.87,19,18,13,10,7,4,3,2
63,5.65,15,12,10,10,9,4,3,2
64,5.62,17,13,11,10,9,8,6,6
65,5.03,21,13,9,7,6,5,4,2
66,4.52,22,16,16,12,10,9,7,6
67,2.68,21,13,10,9,8,6,5,0
68,2.37,26,18,10,10,10,7,7,3
69,2.41,34,27,20,7,5,4,4,2
70,2.38,19,18,16,13,9,8,8,5
71,1.7,20,20,7,5,4,3,2,1
72,1.37,35,20,4,2,2,1,0,-1
73,1.09,19,12,10,8,4,-2,-3,-4
74,1.0,18,16,10,9,9,3,3,3
75,0.13,30,19,14,0,0,-1,-2,-2
76,0.02,18,8,7,7,5,4,3,-2
77,-0.32,20,14,10,9,4,-1,-3,-7
78,-0.48,18,9,6,5,2,1,0,-2
79,-0.91,16,15,6,4,4,2,1,-7
80,-1.74,14,9,7,2,-3,-3,-4,-5
81,-1.88,14,9,8,4,2,-1,-5,-5
82,-2.07,11,3,1,0,-1,-1,-2,-5
83,-3.6,15,4,0,-4,-5,-7,-8,-10
84,-4.63,13,9,6,1,-1,-1,-2,-4
85,-5.36,20,12,4,2,-2,-5,-6,-7
86,-7.84,3,1,-1,-1,-2,-3,-11,-12
87,-8.8,1,-2,-5,-7,-10,-10,-12,-14
88,-9.48,32,5,2,-6,-7,-12,-15,-18
89,-10.48,19,8,3,2,1,-1,-3,-4
90,9.62,25,19,17,14,10,9,8,7
91,6.41,29,28,13,12,12,9,8,6
92,5.65,23,22,19,10,9,5,1,1
93,6.18,23,10,10,10,10,9,7,7
94,6.35,36,25,19,9,6,6,5,5
95,4.97,23,12,10,10,9,8,6,5
96,2.89,26,21,19,12,5,3,2,-3
97,2.66,29,26,9,8,4,4,1,-1
98,2.93,17,15,14,10,9,8,4,-3
99,2.09,25,16,12,9,4,2,-4,-4
100,2.15,11,10,9,6,5,4,4,2
101,2.32,13,10,9,6,6,5,3,-1
102,2.12,10,9,7,6,4,3,3,3
103,0.11,9,9,4,3,3,2,2,1
104,-1.2,20,17,6,5,1,0,-1,-1
105,-1.15,18,9,8,4,4,0,-6,-7
106,-1.2,18,17,9,4,3,3,3,0
107,-0.94,30,18,13,4,0,0,-1,-4
108,-0.57,26,25,13,10,7,2,2,-2
109,-1.18,10,8,7,4,2,1,0,0
110,-1.94,22,8,7,2,0,-1,-3,-4
111,-4.12,11,8,-5,-5,-8,-12,-14,-19
112,-3.14,18,15,11,7,2,1,1,-1
113,-3.63,13,4,2,1,0,-6,-6,-6
114,-4.46,15,13,11,4,1,0,-2,-4
115,-6.42,37,8,-3,-6,-6,-7,-7,-10
116,-6.89,5,4,0,0,-1,-5,-7,-7
117,-7.61,25,12,-3,-7,-9,-15,-17,-17
118,-8.05,11,9,3,-1,-2,-10,-10,-15
119,-8.74,7,-3,-5,-6,-7,-10,-14,-18
120,8.47,22,15,13,11,10,10,9,6
121,6.39,28,26,15,11,10,9,7,7
122,5.99,18,15,14,13,11,8,7,4
123,5.24,35,33,21,7,5,3,3,2
124,4.82,25,12,10,10,9,5,4,-2
125,4.38,18,11,9,9,6,6,2,0
126,4.14,15,14,13,12,10,8,5,4
127,4.43,32,21,15,10,10,8,6,5
128,3.31,23,14,11,11,2,0,-1,-4
129,3.39,14,12,10,9,7,5,4,4
130,2.64,10,6,4,3,0,0,-2,-6
131,1.75,25,12,10,10,7,6,2,1
132,0.81,13,13,8,0,-2,-3,-4,-16
133,0.65,43,28,12,10,2,1,-1,-1
134,-0.13,16,13,6,6,1,-5,-6,-6
135,-0.06,24,17,6,1,-1,-1,-1,-3
136,-0.2,13,7,4,3,2,-1,-2,-7
137,-1.02,10,7,1,0,-1,-1,-5,-6
138,-1.22,25,8,6,2,-2,-2,-4,-5
139,-1.51,11,10,6,4,2,2,-3,-4
140,-1.25,17,11,3,1,-1,-6,-7,-7
141,-1.66,13,9,6,1,-1,-6,-7,-8
142,-1.06,12,11,7,3,2,1,1,-1
143,-2.7,8,8,6,5,3,1,0,-15
144,-2.84,18,5,2,-1,-1,-5,-9,-10
145,-5.7,11,7,6,2,0,-3,-3,-9
146,-8.49,6,2,-2,-3,-5,-9,-9,-13
147,-9.26,16,4,-3,-5,-9,-13,-14,-17
148,-9.26,34,2,0,-1,-11,-12,-14,-18
149,-10.04,8,1,-1,-1,-2,-6,-10,-12
150,8.64,25,21,15,12,12,8,7,1
151,8.03,25,18,17,13,11,9,8,5
152,5.88,21,18,17,15,12,12,11,10
153,4.51,28,23,15,12,12,9,4,2
154,4.51,18,18,9,9,6,6,4,4
155,3.47,22,18,14,7,6,6,6,5
156,3.75,17,12,12,8,6,5,1,1
157,3.13,18,13,13,10,9,3,3,0
158,2.66,23,18,11,11,1,1,1,0
159,2.38,20,12,11,9,4,3,-1,-4
160,1.62,14,6,6,5,3,1,0,-1
161,1.24,17,13,11,2,2,1,0,-1
162,1.44,16,10,9,6,4,3,3,2
163,1.02,26,11,9,8,7,6,1,-4
164,0.55,13,13,5,0,-1,-1,-2,-2
165,0.51,17,14,12,11,7,4,3,1
166,-0.05,20,15,6,-1,-1,-4,-6,-7
167,0.23,13,11,9,4,4,3,2,0
168,-0.19,16,14,10,8,0,-1,-3,-6
169,-0.31,10,7,0,-1,-1,-5,-7,-7
170,-1.54,7,5,4,3,2,0,-4,-5
171,-3.08,22,20,9,8,4,-3,-4,-5
172,-3.65,14,13,3,-1,-3,-4,-5,-6
173,-3.8,11,3,2,-1,-1,-4,-7,-7
174,-5.02,15,2,1,-1,-3,-5,-5,-6
175,-5.47,9,7,5,4,3,-7,-9,-9
176,-6.57,12,2,0,-2,-3,-4,-6,-7
177,-7.22,1,0,-2,-3,-3,-7,-7,-7
178,-7.43,9,9,-2,-6,-7,-7,-8,-10
179,-9.26,12,11,0,-3,-3,-5,-5,-8
180,11.69,24,24,19,17,15,14,12,9
181,7.56,23,19,19,17,14,10,8,7
182,5.63,19,16,12,11,8,6,5,5
183,4.5,27,20,16,8,7,2,1,-7
184,4.27,30,24,15,12,12,7,2,1
185,4.51,23,15,14,10,6,4,3,2
186,3.27,19,11,9,7,6,4,3,-2
187,2.72,14,10,10,7,6,0,0,-1
188,1.92,21,9,6,5,3,2,0,-3
189,0.78,21,9,8,7,3,2,-3,-12
190,0.7,20,13,10,5,5,4,2,-3
191,1.09,17,13,5,3,3,2,1,-2
192,0.47,17,13,11,7,5,-2,-2,-4
193,0.25,14,11,7,7,3,2,1,-2
194,0.32,19,17,6,3,2,0,-3,-7
195,-0.53,6,5,4,3,2,1,-4,-7
196,-0.23,12,6,4,4,4,1,0,0
197,-0.16,10,5,4,4,4,2,2,1
198,-1.2,11,11,4,3,3,-2,-2,-3
199,-0.99,15,9,4,4,2,1,-6,-9
200,-1.37,25,8,5,5,4,4,2,-2
201,-2.2,10,7,5,2,-2,-3,-4,-4
202,-3.08,19,15,3,-1,-3,-5,-6,-6
203,-4.21,0,0,0,0,-1,-3,-4,-5
204,-3.77,9,4,3,1,-1,-3,-5,-6
205,-5.47,20,9,7,0,0,-1,-4,-8
206,-5.85,12,11,1,-1,-5,-6,-9,-11
207,-7.02,8,7,3,2,-2,-4,-5,-8
208,-6.73,4,0,-1,-1,-2,-3,-3,-4
209,-6.88,-2,-2,-4,-4,-4,-8,-9,-11
210,11.49,34,25,24,16,15,14,11,9
211,10.86,22,21,15,13,13,10,8,7
212,7.54,18,18,18,13,12,4,3,-1
213,6.48,26,13,10,9,8,5,4,3
214,4.95,18,17,16,11,5,3,3,2
215,4.47,24,19,16,9,5,-1,-1,-1
216,3.75,12,12,11,9,8,8,4,2
217,3.2,15,11,7,6,3,3,1,-1
218,2.71,19,17,14,9,7,3,3,1
219,2.04,16,13,10,7,5,2,0,-3
220,1.77,14,7,6,6,5,4,2,0
221,1.67,22,10,10,7,6,4,-2,-3
222,0.88,24,8,4,3,2,-2,-2,-2
223,0.59,37,18,10,6,5,1,0,-1
224,0.13,10,9,7,7,4,2,1,-4
225,-0.19,14,12,10,9,7,4,2,0
226,-0.39,10,7,7,3,0,-1,-2,-2
227,-1.43,19,10,9,6,3,-2,-3,-4
228,-1.74,15,9,1,1,-1,-1,-5,-8
229,-2.33,13,5,0,-1,-1,-2,-2,-4
230,-2.5,16,12,6,3,2,1,0,-2
231,-3.25,14,9,9,2,-1,-3,-4,-5
232,-3.03,6,5,2,0,0,0,-3,-5
233,-3.89,6,-1,-2,-2,-3,-4,-4,-4
234,-3.86,7,6,4,3,2,-4,-6,-7
235,-4.59,8,7,3,3,-1,-2,-5,-11
236,-6.86,7,2,1,1,0,-4,-6,-10
237,-7.86,8,2,0,-3,-3,-3,-9,-10
238,-10.12,16,2,1,-3,-5,-9,-11,-11
239,-10.5,10,2,0,-4,-7,-8,-9,-11
240,10.32,22,21,14,13,13,12,12,12
241,6.98,28,21,7,7,1,1,0,-3
242,6.64,17,16,16,14,13,11,11,9
243,6.02,17,16,13,13,12,10,7,6
244,4.5,15,13,9,7,7,7,6,3
245,4.8,15,10,9,9,7,7,-1,-2
246,3.61,15,12,6,5,4,3,2,1
247,3.55,14,11,6,6,5,4,3,3
248,3.16,30,20,12,6,5,5,4,1
249,3.37,18,11,10,8,7,7,1,-1
250,3.37,25,16,14,10,8,5,4,3
251,2.24,16,16,8,5,5,4,4,3
252,0.8,22,11,10,7,7,2,-1,-4
253,0.28,38,24,11,6,3,1,-1,-2
254,0.83,14,8,7,3,2,1,0,-1
255,0.4,14,14,7,6,3,1,0,-1
256,0.38,8,8,8,7,6,4,3,-1
257,-0.92,4,3,1,0,-1,-3,-7,-14
258,0.15,14,6,3,3,-3,-7,-8,-8
259,-1.14,19,7,7,1,1,-1,-8,-8
260,-3.57,5,5,2,-5,-5,-6,-9,-9
261,-3.94,6,4,3,2,0,0,-3,-4
262,-3.05,12,7,6,0,-4,-5,-5,-5
263,-3.05,20,18,2,1,0,-3,-4,-6
264,-3.52,16,6,3,3,1,-1,-3,-4
265,-6.07,3,3,-1,-1,-6,-6,-7,-7
266,-7.36,17,-5,-6,-7,-8,-8,-10,-10
267,-9.36,5,1,-2,-3,-7,-7,-8,-11
268,-9.31,13,0,-3,-3,-5,-9,-12,-13
269,-10.13,2,-4,-4,-8,-9,-10,-10,-12
270,8.16,18,12,11,11,11,9,9,8
271,7.25,23,22,12,11,8,6,1,1
272,6.71,19,13,11,6,6,4,3,3
273,4.98,19,13,12,10,9,8,4,2
274,4.65,14,13,8,8,7,6,6,0
275,5.38,28,17,16,8,5,4,2,2
276,4.22,21,8,7,6,4,2,1,-1
277,4.65,13,13,11,10,9,8,7,5
278,2.71,28,12,12,8,5,2,0,0
279,2.7,16,10,9,6,2,2,1,1
280,2.72,10,7,5,4,4,4,2,0
281,3.62,16,12,12,8,8,3,0,-5
282,1.66,9,9,7,7,6,6,5,1
283,2.09,15,8,6,2,-2,-3,-7,-7
284,1.3,13,10,9,9,8,2,-1,-4
285,-0.56,10,7,7,5,3,-2,-3,-3
286,-0.7,20,17,14,5,2,2,-2,-5
287,-2.2,7,5,3,-1,-1,-3,-3,-8
288,-1.21,17,13,3,3,3,-1,-1,-2
289,-2.92,15,14,5,3,0,-1,-3,-3
290,-3.24,6,3,2,-4,-5,-14,-15,-30
291,-3.56,11,5,4,2,1,0,-8,-10
292,-3.92,17,13,8,4,1,1,-5,-7
293,-6.13,7,-1,-1,-5,-6,-7,-8,-10
294,-4.81,8,3,2,0,-2,-7,-8,-9
295,-5.96,3,1,1,-2,-4,-7,-7,-9
296,-7.85,5,5,1,0,-5,-7,-7,-10
297,-9.0,4,-2,-6,-7,-8,-8,-9,-10
298,-10.44,-2,-7,-8,-10,-12,-15,-17,-19
299,9.95,22,19,18,16,11,10,8,7
300,8.67,25,24,15,12,11,9,7,6
301,6.85,18,15,15,12,10,10,8,7
302,7.16,25,12,12,10,10,9,5,1
303,5.26,19,14,10,9,5,4,3,3
304,4.74,17,11,10,7,4,1,-3,-13
305,4.91,29,15,15,11,10,10,10,4
306,3.75,20,11,10,6,5,2,2,-1
307,4.33,15,11,9,7,5,5,5,4
308,1.27,8,6,6,5,5,5,1,0
309,1.06,10,8,6,4,3,2,0,-5
310,1.96,9,9,6,6,4,2,-2,-2
311,-0.08,26,9,8,5,3,3,-1,-1
312,0.36,17,8,3,3,1,0,-2,-3
313,-0.48,14,8,5,5,5,3,2,-5
314,0.37,14,8,4,2,1,0,0,0
315,-0.32,26,12,11,6,5,4,3,0
316,-1.4,15,12,7,4,-5,-7,-7,-7
317,-2.63,18,13,9,9,-1,-2,-3,-3
318,-1.74,10,10,7,4,4,1,-2,-5
319,-3.56,7,5,1,0,0,-4,-7,-14
320,-2.82,9,7,2,2,1,1,-2,-3
321,-3.68,14,7,6,-1,-1,-2,-3,-3
322,-5.3,0,0,-1,-3,-3,-4,-9,-9
323,-4.46,15,2,1,0,-1,-5,-8,-8
324,-5.07,13,0,-2,-3,-6,-8,-9,-11
325,-6.82,3,0,0,-1,-1,-2,-10,-11
326,-7.7,1,1,-6,-6,-9,-10,-10,-16
327,9.33,24,19,13,13,12,11,5,5
328,7.62,21,18,18,15,9,9,6,6
329,6.56,20,17,16,15,13,5,3,0
330,6.56,21,13,13,13,9,6,5,3
331,4.7,12,11,10,8,8,8,6,2
332,2.99,20,20,18,8,7,5,4,-2
333,2.8,22,17,9,3,-1,-1,-2,-6
334,3.69,13,12,8,8,8,7,4,4
335,3.7,16,12,12,6,5,5,5,3
336,3.64,31,24,24,10,7,5,4,4
337,2.24,14,12,10,8,6,5,5,2
338,2.78,17,12,10,7,7,4,2,-2
339,1.55,12,9,9,5,4,-1,-3,-10
340,1.07,24,12,7,6,2,-1,-1,-1
341,0.6,30,11,9,4,3,3,1,0
342,0.31,8,7,5,3,2,0,-1,-5
343,-0.13,12,7,6,5,3,2,-7,-7
344,0.78,19,11,10,8,-1,-2,-3,-7
345,0.34,15,10,6,5,1,-1,-2,-2
346,-0.69,7,5,4,2,-1,-5,-5,-7
347,-2.15,13,10,0,-1,-3,-5,-5,-6
348,-3.69,14,13,5,4,2,0,-1,-4
349,-3.74,8,7,7,4,-2,-2,-3,-3
350,-5.98,6,3,-1,-2,-4,-7,-8,-10
351,-5.28,19,5,1,0,-1,-6,-7,-8
352,-5.35,16,8,3,3,-1,-7,-7,-8
353,-7.92,7,-1,-5,-6,-6,-6,-8,-8
354,8.27,22,21,16,14,12,12,8,8
355,8.23,20,12,11,10,10,10,9,8
356,6.61,21,20,15,9,6,5,-1,-1
357,6.07,17,11,11,10,8,7,6,5
358,5.91,20,19,11,10,5,-6,-13,-19
359,5.9,15,15,13,12,4,1,1,-1
360,4.82,27,19,12,8,4,3,2,-7
361,4.49,29,20,18,13,4,4,3,-2
362,4.14,15,12,12,11,8,6,3,-5
363,2.55,10,10,10,9,3,2,1,0
364,2.35,14,9,9,6,5,0,0,-2
365,1.85,8,7,5,5,3,0,-5,-10
366,1.6,11,8,6,6,3,1,-2,-4
367,-0.94,8,4,2,1,-1,-2,-5,-8
368,-1.0,14,4,4,3,3,2,0,0
369,-0.95,13,6,6,5,3,2,-3,-5
370,-1.2,18,12,8,2,1,0,-1,-3
371,-2.1,19,6,3,3,-7,-7,-7,-8
372,-2.43,4,2,1,1,0,-1,-3,-5
373,-3.54,11,5,4,2,0,-4,-5,-6
374,-4.13,11,6,-2,-2,-2,-4,-6,-7
375,-5.65,7,4,-2,-3,-3,-4,-5,-10
376,-6.85,15,10,-1,-2,-11,-11,-11,-12
377,-6.72,14,10,-1,-2,-4,-9,-10,-10
378,-7.81,9,5,-3,-4,-7,-8,-10,-15
379,-9.81,6,-1,-4,-6,-7,-10,-11,-16
380,8.13,18,15,14,9,9,8,8,7
381,7.21,21,19,11,9,6,5,5,2
382,5.76,14,10,10,9,9,5,5,2
383,5.44,15,15,14,13,9,7,5,4
384,4.93,18,15,9,7,5,1,0,-1
385,5.16,13,13,12,8,7,6,5,4
386,5.0,16,8,8,6,6,6,4,3
387,4.11,23,19,10,7,3,1,0,-3
388,3.75,30,15,14,8,5,5,5,1
389,3.88,25,20,18,8,8,6,3,3
390,4.03,15,11,9,8,7,4,0,0
391,2.84,14,11,10,4,3,3,1,-6
392,2.57,10,10,10,9,7,7,5,5
393,1.94,10,9,8,8,0,0,-1,-4
394,-0.42,6,4,3,1,1,-4,-5,-7
395,-1.64,13,8,6,-1,-2,-4,-10,-12
396,-1.69,14,6,3,1,0,-1,-4,-5
397,-1.79,11,1,1,0,-3,-3,-7,-9
398,-3.04,12,9,2,0,-1,-4,-5,-6
399,-3.61,6,3,3,3,1,0,0,-1
400,-4.76,14,2,0,-3,-3,-6,-6,-8
401,-4.42,5,4,-1,-2,-2,-5,-5,-8
402,-5.3,4,1,1,-5,-5,-7,-7,-9
403,-5.82,10,2,0,-1,-2,-5,-8,-8
404,-6.95,3,-4,-6,-6,-6,-7,-10,-17
405,-9.97,5,4,-2,-6,-7,-8,-12,-12
406,10.09,23,16,13,11,10,9,7,2
407,8.24,16,15,14,13,12,8,6,5
408,8.14,21,14,11,10,9,9,8,-1
409,7.08,24,18,18,10,4,3,3,2
410,6.06,22,14,12,11,10,8,7,2
411,4.55,19,13,13,12,1,1,0,-1
412,4.17,19,14,13,11,9,5,0,0
413,3.35,19,15,15,2,0,-1,-2,-5
414,2.96,11,8,5,5,4,3,1,0
415,1.84,16,10,9,7,5,4,1,0
416,2.06,22,16,10,6,5,4,-3,-6
417,1.89,8,6,5,4,3,1,-1,-4
418,0.06,10,5,2,0,0,0,-3,-5
419,0.0,20,13,8,5,4,1,0,-3
420,-0.22,18,0,0,0,-1,-3,-5,-19
421,-0.58,15,12,11,4,1,0,-3,-3
422,-1.12,14,12,7,5,4,0,-1,-2
423,-1.18,3,2,2,1,0,0,0,0
424,-2.97,11,6,4,-5,-5,-6,-14,-20
425,-3.82,9,6,6,2,0,-1,-2,-2
426,-5.43,3,1,0,0,-1,-6,-7,-8
427,-6.12,6,4,1,-1,-2,-4,-8,-9
428,-6.47,11,8,2,-5,-5,-9,-12,-17
429,-8.26,1,-2,-3,-3,-5,-9,-10,-12
430,-9.65,8,4,-2,-3,-5,-10,-12,-14
431,11.35,24,24,23,16,15,13,13,9
432,7.63,26,12,10,8,8,5,5,2
433,8.45,22,20,14,10,10,7,6,1
434,7.47,18,13,9,9,8,8,7,1
435,5.37,24,24,16,13,4,2,1,1
436,5.3,28,27,23,14,13,10,10,8
437,5.27,20,9,7,4,2,0,-6,-6
438,5.08,20,14,10,6,5,-5,-7,-9
439,5.86,14,9,7,6,6,4,3,2
440,3.51,12,10,6,5,4,2,2,1
441,3.6,26,18,12,8,7,5,1,1
442,2.22,21,11,6,5,4,3,2,2
443,0.47,9,6,5,3,2,0,-4,-5
444,-1.1,15,7,3,3,1,-1,-3,-3
445,-0.49,12,12,9,6,4,-1,-6,-16
446,-0.36,10,6,5,5,1,-2,-2,-7
447,-1.51,21,9,9,6,3,1,0,-6
448,-2.45,9,5,5,0,-1,-2,-4,-8
449,-1.92,17,2,1,0,-1,-3,-7,-13
450,-3.26,5,-1,-2,-2,-2,-5,-5,-5
451,-6.62,0,-2,-3,-4,-5,-10,-12,-14
452,-7.54,2,1,0,-7,-9,-10,-11,-14
453,-7.11,13,-3,-4,-4,-6,-6,-8,-9
454,-8.14,2,-3,-4,-4,-6,-9,-10,-11
455,-7.68,9,-2,-3,-3,-4,-9,-10,-10
456,-9.68,3,1,0,-5,-5,-7,-7,-11
457,9.47,24,19,17,12,11,10,6,5
458,8.2,21,16,13,10,9,8,2,-2
459,7.78,18,14,13,8,7,4,3,2
460,5.33,30,21,17,13,6,5,5,2
461,5.39,12,11,11,7,6,5,2,1
462,4.93,17,13,12,9,6,5,4,1
463,4.05,19,15,12,8,7,7,3,2
464,3.25,10,10,9,8,3,3,1,-1
465,1.62,16,12,9,3,1,0,0,-3
466,1.36,9,9,8,8,3,2,0,-3
467,0.96,16,9,8,5,5,3,1,-1
468,-0.19,10,6,4,2,0,0,-2,-2
469,-0.22,11,6,3,1,0,-1,-3,-5
470,-0.65,11,4,4,3,-1,-2,-3,-3
471,-0.71,9,4,4,3,3,2,-1,-2
472,-1.8,11,7,3,-1,-2,-4,-5,-5
473,-1.12,12,9,5,2,1,1,1,-1
474,-2.51,11,9,5,4,-2,-4,-7,-11
475,-3.14,22,7,2,2,2,-1,-5,-7
476,-4.06,9,4,-2,-3,-3,-6,-7,-8
477,-3.35,30,5,2,1,1,0,0,-4
478,-3.89,6,3,3,1,-1,-3,-4,-6
479,-4.85,4,3,1,-2,-3,-5,-9,-9
480,-4.71,1,-1,-1,-2,-3,-4,-8,-9
481,-5.58,10,6,4,1,-1,-3,-4,-8
482,-5.41,10,9,3,2,-1,-2,-3,-3
483,7.7,19,15,12,11,10,10,8,6
484,7.69,20,17,10,8,7,5,4,1
485,7.14,20,16,10,10,10,5,5,3
486,5.82,18,12,9,5,5,4,3,-8
487,4.42,19,15,11,10,9,9,3,0
488,4.19,15,12,11,7,6,5,1,1
489,2.67,10,9,7,6,6,2,1,-1
490,2.48,12,11,10,9,8,2,0,-6
491,1.85,16,15,5,3,3,0,-2,-7
492,2.3,20,18,9,9,3,2,1,-5
493,2.08,7,7,5,3,3,2,1,-2
494,1.65,56,10,10,9,4,1,0,-6
495,0.64,8,7,6,4,3,3,-2,-3
496,0.15,7,6,3,3,2,1,1,0
497,-1.44,18,15,5,4,1,0,-1,-3
498,-1.17,7,6,5,5,4,2,-4,-6
499,-1.26,8,7,7,5,3,2,-1,-4
500,-2.02,29,21,13,0,-2,-3,-4,-5
501,-1.73,6,5,4,4,1,1,-1,-3
502,-2.13,19,-7,-7,-8,-8,-9,-9,-10
503,-2.1,7,3,2,2,1,1,0,-5
504,-2.96,9,8,7,7,2,-3,-5,-7
505,-3.12,10,7,0,-1,-4,-4,-8,-8
506,-5.26,10,8,0,-1,-3,-4,-5,-5
507,-7.14,9,0,-3,-4,-4,-5,-5,-9
508,-10.81,3,-1,-1,-9,-9,-10,-10,-12
509,8.85,19,19,17,12,9,7,5,5
510,7.49,16,15,12,9,3,1,-1,-3
511,6.44,18,13,10,8,5,3,3,2
512,7.33,18,17,16,11,9,6,1,-3
513,4.46,21,14,11,8,4,2,1,-1
514,4.42,16,11,10,9,4,2,1,-7
515,2.61,14,10,9,4,3,2,2,1
516,2.26,20,8,6,2,1,0,-6,-13
517,1.93,21,9,7,7,4,3,3,1
518,1.64,32,18,6,4,1,1,0,-1
519,1.13,18,7,6,3,2,1,0,-1
520,0.91,16,9,4,3,2,1,1,1
521,0.91,15,9,9,4,2,2,0,-2
522,0.89,16,11,10,6,-3,-6,-6,-7
523,-0.74,9,8,6,5,3,3,-2,-6
524,-0.38,9,6,6,3,-1,-2,-3,-4
525,-0.86,8,7,3,2,0,0,-3,-5
526,-1.63,15,10,1,0,-1,-5,-5,-7
527,-2.46,17,4,1,0,-2,-3,-4,-4
528,-3.27,5,1,0,0,-1,-1,-1,-3
529,-2.31,13,7,3,-3,-3,-4,-5,-6
530,-2.66,7,4,3,-1,-4,-5,-6,-6
531,-3.42,9,7,2,-1,-3,-3,-6,-9
532,-4.37,8,5,4,-2,-2,-3,-3,-3
533,-4.72,15,7,1,0,0,-3,-5,-7
534,-10.76,2,2,-5,-7,-9,-12,-12,-12
535,8.23,18,14,14,10,9,9,7,6
536,6.23,21,20,11,10,7,5,4,4
537,5.45,16,14,8,5,3,1,1,0
538,6.7,13,12,11,8,4,3,3,-1
539,6.61,26,22,10,9,8,7,5,3
540,4.92,18,16,14,12,9,7,5,2
541,4.16,11,10,9,6,6,5,3,1
542,2.6,18,12,7,6,6,4,3,1
543,1.93,16,14,13,6,2,1,0,-2
544,0.88,13,8,7,6,4,4,3,-1
545,1.19,9,7,5,5,2,1,-1,-1
546,-0.83,20,14,4,2,1,0,-1,-4
547,0.43,7,7,4,3,3,2,2,-1
548,-1.4,14,12,9,5,2,0,-2,-10
549,-1.47,11,0,0,-1,-1,-1,-1,-18
550,-1.63,8,6,0,-4,-5,-8,-9,-13
551,-1.63,8,7,-2,-2,-3,-5,-12,-14
552,-4.02,5,5,1,-1,-6,-9,-11,-22
553,-2.76,17,13,3,3,2,-1,-5,-6
554,-2.95,12,6,0,-5,-6,-7,-17,-18
555,-3.53,4,4,-2,-3,-7,-17,-19,-22
556,-5.1,8,5,0,-4,-7,-8,-9,-9
557,-6.15,6,5,4,2,-2,-4,-7,-7
558,-6.88,5,-4,-6,-6,-9,-10,-11,-12
559,-7.78,1,0,-8,-8,-8,-9,-10,-12
560,8.54,25,25,19,16,12,3,3,3
561,6.95,16,15,10,8,8,6,6,3
562,5.96,18,14,8,7,6,6,4,4
563,4.14,18,16,14,7,6,5,1,1
564,2.87,18,14,9,9,0,0,-1,-6
565,2.83,16,16,12,11,10,7,-1,-1
566,3.74,18,17,10,9,7,1,1,0
567,2.41,15,8,4,2,2,-1,-1,-2
568,2.31,15,10,7,6,6,3,-1,-2
569,1.46,11,11,6,6,4,2,0,-3
570,2.52,11,7,7,5,4,3,2,1
571,1.27,13,12,11,2,2,-2,-6,-6
572,0.26,10,5,5,1,1,-1,-6,-7
573,0.12,12,4,4,4,3,2,2,-5
574,-1.09,9,6,4,3,2,-1,-2,-4
575,-0.43,19,7,5,4,4,1,-1,-9
576,-1.25,11,11,9,5,5,4,1,-2
577,-1.47,11,4,3,1,0,-1,-4,-8
578,-3.62,13,4,1,1,-2,-3,-7,-11
579,-4.51,8,6,6,3,1,-4,-5,-5
580,-3.86,5,2,1,0,-3,-6,-8,-9
581,-5.27,3,1,0,0,0,-4,-4,-5
582,-5.78,9,9,-2,-2,-3,-6,-8,-9
583,-6.62,13,5,1,0,-3,-7,-7,-8
584,-9.06,4,3,1,0,-6,-6,-11,-12
585,-10.23,9,-3,-5,-8,-9,-10,-15,-16
586,8.08,22,11,11,11,8,6,5,2
587,7.77,17,15,15,12,9,9,4,1
588,6.97,19,18,16,9,9,9,7,3
589,4.59,16,14,13,12,9,6,3,0
590,3.82,12,11,10,8,5,5,0,0
591,3.36,19,9,8,8,7,3,1,-1
592,2.4,19,10,9,5,3,2,-2,-3
593,2.33,24,17,6,5,3,2,-1,-3
594,1.25,15,13,8,8,6,6,6,0
595,1.7,13,5,5,4,4,3,3,1
596,1.67,12,8,7,4,3,1,0,-1
597,0.5,13,12,5,4,1,0,-1,-6
598,-0.38,17,11,10,3,-1,-1,-4,-5
599,-0.64,12,7,1,-1,-2,-3,-6,-8
600,-0.22,7,7,5,3,-1,-3,-3,-6
601,-0.67,11,8,3,3,2,1,-2,-4
602,-1.49,10,8,8,7,3,1,1,-1
603,-1.88,9,9,7,1,0,-1,-3,-5
604,-3.76,7,6,4,-2,-4,-4,-6,-8
605,-4.36,6,2,2,0,-1,-2,-6,-11
606,-4.68,4,4,3,1,0,-3,-4,-6
607,-5.62,16,0,-3,-4,-4,-5,-5,-6
608,-5.71,2,1,0,-2,-3,-8,-8,-8
609,-6.35,6,-3,-7,-7,-7,-9,-10,-13
610,-8.19,3,-1,-3,-6,-7,-8,-12,-13
611,-9.51,5,-4,-6,-8,-11,-13,-14,-15
612,8.72,22,12,12,11,10,10,6,6
613,6.08,14,11,10,10,8,8,6,6
614,5.19,17,12,12,8,8,7,-1,-1
615,4.63,18,13,9,7,7,0,0,-7
616,4.53,54,14,11,10,6,5,5,4
617,3.59,13,13,8,7,5,4,4,-1
618,4.63,19,7,7,6,5,4,3,2
619,4.18,21,13,8,4,4,4,4,2
620,2.58,26,12,12,9,8,6,3,0
621,2.45,16,7,4,0,-1,-1,-4,-6
622,3.11,25,15,9,5,4,2,0,-3
623,1.61,15,9,7,6,6,5,5,0
624,2.49,11,9,7,6,5,2,1,-3
625,2.41,10,5,3,1,0,-5,-11,-46
626,1.06,16,10,9,8,7,3,-3,-7
627,-0.18,9,6,5,5,3,1,-3,-3
628,-2.77,11,7,4,1,0,-1,-4,-6
629,-1.79,6,6,5,1,1,-1,-5,-7
630,-3.17,7,4,3,0,0,-4,-5,-7
631,-2.39,9,6,5,3,0,-1,-2,-3
632,-4.6,13,3,1,-3,-4,-5,-6,-7
633,-5.66,9,-2,-4,-7,-8,-10,-11,-14
634,-7.21,10,3,-3,-6,-7,-9,-11,-13
635,-9.68,-2,-4,-4,-10,-11,-14,-14,-15
636,-10.21,12,4,-3,-6,-10,-11,-11,-12
637,9.05,20,16,12,11,9,1,0,-1
638,7.08,16,16,9,9,7,6,6,4
639,6.38,20,14,13,11,9,7,3,3
640,5.38,12,10,10,10,8,8,7,5
641,4.88,19,15,10,8,8,0,-5,-5
642,4.95,41,12,11,10,9,8,7,6
643,3.04,23,14,14,9,8,6,0,-2
644,2.87,10,8,7,3,3,1,0,0
645,3.31,16,16,14,12,10,9,1,1
646,1.58,13,9,6,3,2,2,-1,-2
647,1.6,24,17,6,6,2,1,0,-2
648,1.44,19,17,11,11,6,5,3,2
649,0.97,13,13,5,2,0,-1,-2,-5
650,0.25,10,8,7,5,3,2,-2,-3
651,-0.52,7,5,3,3,2,0,0,-1
652,-0.06,8,7,5,3,2,1,-6,-6
653,-1.02,10,9,8,6,5,3,1,1
654,-0.85,14,6,5,5,3,3,1,0
655,-2.25,9,5,4,3,3,0,-1,-1
656,-3.42,17,10,4,4,2,0,-1,-5
657,-3.81,4,2,1,1,-2,-3,-4,-4
658,-5.78,15,0,-3,-5,-6,-8,-9,-9
659,-8.64,3,-3,-3,-5,-6,-8,-10,-10
660,-10.43,2,1,-2,-2,-8,-10,-11,-12
661,-12.3,-4,-4,-4,-6,-8,-11,-12,-12
